{"cameraMode":{"drawMode":0,"name":"Shaded","section":"Shading Mode"},"sceneLighting":true,"audioPlay":false,"sceneViewState":{"showFog":true,"showMaterialUpdate":true,"showSkybox":true,"showFlares":true,"showImageEffects":true,"showParticleSystems":true},"in2DMode":false,"pivot":{"x":2.756593942642212,"y":10.047531127929688,"z":18.28033447265625},"rotation":{"x":-0.16695190966129304,"y":-0.7899790406227112,"z":0.24593955278396607,"w":-0.5362806916236877},"size":7.334196090698242,"orthographic":false}