{"cameraMode":{"drawMode":0,"name":"Shaded","section":"Shading Mode"},"sceneLighting":true,"audioPlay":false,"sceneViewState":{"showFog":true,"showMaterialUpdate":true,"showSkybox":true,"showFlares":true,"showImageEffects":true,"showParticleSystems":true},"in2DMode":false,"pivot":{"x":3.0867767333984377,"y":13.601921081542969,"z":-0.7296503782272339},"rotation":{"x":-0.10139144212007523,"y":-0.694652259349823,"z":0.09988388419151306,"w":-0.7051416635513306},"size":21.093246459960939,"orthographic":false}